URL,STATUS,TIMESTAMP,FILENAME
https://www.hochschulkompass.de/en/degree-programmes/study-in-germany-search/advanced-degree-programme-search/search/1/studtyp/3.html?tx_szhrksearch_pi1%5Bresults_at_a_time%5D=100,1,2020-06-16 11:14:09.260860,/home/ubuntu/project_scrape/data/complete_info_main_url_with_time_stamp2020-06-16 11:14:09.260860.json
https://www.hochschulkompass.de/en/degree-programmes/study-in-germany-search/advanced-degree-programme-search/search/1/studtyp/3/pn/1.html?tx_szhrksearch_pi1%5Bresults_at_a_time%5D=100,1,2020-06-16 11:14:13.948640,/home/ubuntu/project_scrape/data/complete_info_main_url_with_time_stamp2020-06-16 11:14:13.948640.json
https://www.hochschulkompass.de/en/degree-programmes/study-in-germany-search/advanced-degree-programme-search/search/1/studtyp/3/pn/2.html?tx_szhrksearch_pi1%5Bresults_at_a_time%5D=100,1,2020-06-16 11:14:18.539816,/home/ubuntu/project_scrape/data/complete_info_main_url_with_time_stamp2020-06-16 11:14:18.539816.json
https://www.hochschulkompass.de/en/degree-programmes/study-in-germany-search/advanced-degree-programme-search/search/1/studtyp/3/pn/3.html?tx_szhrksearch_pi1%5Bresults_at_a_time%5D=100,1,2020-06-16 11:14:23.274208,/home/ubuntu/project_scrape/data/complete_info_main_url_with_time_stamp2020-06-16 11:14:23.274208.json
https://www.hochschulkompass.de/en/degree-programmes/study-in-germany-search/advanced-degree-programme-search/search/1/studtyp/3/pn/4.html?tx_szhrksearch_pi1%5Bresults_at_a_time%5D=100,1,2020-06-16 11:14:28.650976,/home/ubuntu/project_scrape/data/complete_info_main_url_with_time_stamp2020-06-16 11:14:28.650976.json
https://www.hochschulkompass.de/en/degree-programmes/study-in-germany-search/advanced-degree-programme-search/search/1/studtyp/3/pn/5.html?tx_szhrksearch_pi1%5Bresults_at_a_time%5D=100,1,2020-06-16 11:14:35.736126,/home/ubuntu/project_scrape/data/complete_info_main_url_with_time_stamp2020-06-16 11:14:35.736126.json
https://www.hochschulkompass.de/en/degree-programmes/study-in-germany-search/advanced-degree-programme-search/search/1/studtyp/3/pn/6.html?tx_szhrksearch_pi1%5Bresults_at_a_time%5D=100,1,2020-06-16 11:14:42.342327,/home/ubuntu/project_scrape/data/complete_info_main_url_with_time_stamp2020-06-16 11:14:42.342327.json
https://www.hochschulkompass.de/en/degree-programmes/study-in-germany-search/advanced-degree-programme-search/search/1/studtyp/3/pn/7.html?tx_szhrksearch_pi1%5Bresults_at_a_time%5D=100,1,2020-06-16 11:14:48.072961,/home/ubuntu/project_scrape/data/complete_info_main_url_with_time_stamp2020-06-16 11:14:48.072961.json
https://www.hochschulkompass.de/en/degree-programmes/study-in-germany-search/advanced-degree-programme-search/search/1/studtyp/3/pn/8.html?tx_szhrksearch_pi1%5Bresults_at_a_time%5D=100,1,2020-06-16 11:14:53.923835,/home/ubuntu/project_scrape/data/complete_info_main_url_with_time_stamp2020-06-16 11:14:53.923835.json
https://www.hochschulkompass.de/en/degree-programmes/study-in-germany-search/advanced-degree-programme-search/search/1/studtyp/3/pn/9.html?tx_szhrksearch_pi1%5Bresults_at_a_time%5D=100,1,2020-06-16 11:14:59.536626,/home/ubuntu/project_scrape/data/complete_info_main_url_with_time_stamp2020-06-16 11:14:59.536626.json
https://www.hochschulkompass.de/en/degree-programmes/study-in-germany-search/advanced-degree-programme-search/search/1/studtyp/3/pn/10.html?tx_szhrksearch_pi1%5Bresults_at_a_time%5D=100,1,2020-06-16 11:15:03.203169,/home/ubuntu/project_scrape/data/complete_info_main_url_with_time_stamp2020-06-16 11:15:03.203169.json
https://www.hochschulkompass.de/en/degree-programmes/study-in-germany-search/advanced-degree-programme-search/search/1/studtyp/3/pn/11.html?tx_szhrksearch_pi1%5Bresults_at_a_time%5D=100,1,2020-06-16 11:15:08.684982,/home/ubuntu/project_scrape/data/complete_info_main_url_with_time_stamp2020-06-16 11:15:08.684982.json
https://www.hochschulkompass.de/en/degree-programmes/study-in-germany-search/advanced-degree-programme-search/search/1/studtyp/3/pn/12.html?tx_szhrksearch_pi1%5Bresults_at_a_time%5D=100,1,2020-06-16 11:15:14.282360,/home/ubuntu/project_scrape/data/complete_info_main_url_with_time_stamp2020-06-16 11:15:14.282360.json
https://www.hochschulkompass.de/en/degree-programmes/study-in-germany-search/advanced-degree-programme-search/search/1/studtyp/3/pn/13.html?tx_szhrksearch_pi1%5Bresults_at_a_time%5D=100,1,2020-06-16 11:15:24.037460,/home/ubuntu/project_scrape/data/complete_info_main_url_with_time_stamp2020-06-16 11:15:24.037460.json
https://www.hochschulkompass.de/en/degree-programmes/study-in-germany-search/advanced-degree-programme-search/search/1/studtyp/3/pn/14.html?tx_szhrksearch_pi1%5Bresults_at_a_time%5D=100,1,2020-06-16 11:15:32.421151,/home/ubuntu/project_scrape/data/complete_info_main_url_with_time_stamp2020-06-16 11:15:32.421151.json
https://www.hochschulkompass.de/en/degree-programmes/study-in-germany-search/advanced-degree-programme-search/search/1/studtyp/3/pn/15.html?tx_szhrksearch_pi1%5Bresults_at_a_time%5D=100,1,2020-06-16 11:15:38.714502,/home/ubuntu/project_scrape/data/complete_info_main_url_with_time_stamp2020-06-16 11:15:38.714502.json
https://www.hochschulkompass.de/en/degree-programmes/study-in-germany-search/advanced-degree-programme-search/search/1/studtyp/3/pn/16.html?tx_szhrksearch_pi1%5Bresults_at_a_time%5D=100,1,2020-06-16 11:15:43.683431,/home/ubuntu/project_scrape/data/complete_info_main_url_with_time_stamp2020-06-16 11:15:43.683431.json
https://www.hochschulkompass.de/en/degree-programmes/study-in-germany-search/advanced-degree-programme-search/search/1/studtyp/3/pn/17.html?tx_szhrksearch_pi1%5Bresults_at_a_time%5D=100,1,2020-06-16 11:15:48.519422,/home/ubuntu/project_scrape/data/complete_info_main_url_with_time_stamp2020-06-16 11:15:48.519422.json
https://www.hochschulkompass.de/en/degree-programmes/study-in-germany-search/advanced-degree-programme-search/search/1/studtyp/3/pn/18.html?tx_szhrksearch_pi1%5Bresults_at_a_time%5D=100,1,2020-06-16 11:15:53.521857,/home/ubuntu/project_scrape/data/complete_info_main_url_with_time_stamp2020-06-16 11:15:53.521857.json
https://www.hochschulkompass.de/en/degree-programmes/study-in-germany-search/advanced-degree-programme-search/search/1/studtyp/3/pn/19.html?tx_szhrksearch_pi1%5Bresults_at_a_time%5D=100,1,2020-06-16 11:26:23.798255,/home/ubuntu/project_scrape/data/complete_info_main_url_with_time_stamp2020-06-16 11:26:23.798255.json
https://www.hochschulkompass.de/en/degree-programmes/study-in-germany-search/advanced-degree-programme-search/search/1/studtyp/3/pn/20.html?tx_szhrksearch_pi1%5Bresults_at_a_time%5D=100,1,2020-06-16 11:26:34.853144,/home/ubuntu/project_scrape/data/complete_info_main_url_with_time_stamp2020-06-16 11:26:34.853144.json
https://www.hochschulkompass.de/en/degree-programmes/study-in-germany-search/advanced-degree-programme-search/search/1/studtyp/3/pn/21.html?tx_szhrksearch_pi1%5Bresults_at_a_time%5D=100,1,2020-06-16 11:26:39.928739,/home/ubuntu/project_scrape/data/complete_info_main_url_with_time_stamp2020-06-16 11:26:39.928739.json
https://www.hochschulkompass.de/en/degree-programmes/study-in-germany-search/advanced-degree-programme-search/search/1/studtyp/3/pn/22.html?tx_szhrksearch_pi1%5Bresults_at_a_time%5D=100,1,2020-06-16 11:26:48.243287,/home/ubuntu/project_scrape/data/complete_info_main_url_with_time_stamp2020-06-16 11:26:48.243287.json
https://www.hochschulkompass.de/en/degree-programmes/study-in-germany-search/advanced-degree-programme-search/search/1/studtyp/3/pn/23.html?tx_szhrksearch_pi1%5Bresults_at_a_time%5D=100,1,2020-06-16 11:26:53.625393,/home/ubuntu/project_scrape/data/complete_info_main_url_with_time_stamp2020-06-16 11:26:53.625393.json
https://www.hochschulkompass.de/en/degree-programmes/study-in-germany-search/advanced-degree-programme-search/search/1/studtyp/3/pn/24.html?tx_szhrksearch_pi1%5Bresults_at_a_time%5D=100,1,2020-06-16 11:27:01.898392,/home/ubuntu/project_scrape/data/complete_info_main_url_with_time_stamp2020-06-16 11:27:01.898392.json
https://www.hochschulkompass.de/en/degree-programmes/study-in-germany-search/advanced-degree-programme-search/search/1/studtyp/3/pn/25.html?tx_szhrksearch_pi1%5Bresults_at_a_time%5D=100,1,2020-06-16 11:27:07.581459,/home/ubuntu/project_scrape/data/complete_info_main_url_with_time_stamp2020-06-16 11:27:07.581459.json
https://www.hochschulkompass.de/en/degree-programmes/study-in-germany-search/advanced-degree-programme-search/search/1/studtyp/3/pn/26.html?tx_szhrksearch_pi1%5Bresults_at_a_time%5D=100,1,2020-06-16 11:27:14.159617,/home/ubuntu/project_scrape/data/complete_info_main_url_with_time_stamp2020-06-16 11:27:14.159617.json
https://www.hochschulkompass.de/en/degree-programmes/study-in-germany-search/advanced-degree-programme-search/search/1/studtyp/3/pn/27.html?tx_szhrksearch_pi1%5Bresults_at_a_time%5D=100,1,2020-06-16 11:27:22.552954,/home/ubuntu/project_scrape/data/complete_info_main_url_with_time_stamp2020-06-16 11:27:22.552954.json
https://www.hochschulkompass.de/en/degree-programmes/study-in-germany-search/advanced-degree-programme-search/search/1/studtyp/3/pn/28.html?tx_szhrksearch_pi1%5Bresults_at_a_time%5D=100,1,2020-06-16 11:27:29.503995,/home/ubuntu/project_scrape/data/complete_info_main_url_with_time_stamp2020-06-16 11:27:29.503995.json
https://www.hochschulkompass.de/en/degree-programmes/study-in-germany-search/advanced-degree-programme-search/search/1/studtyp/3/pn/29.html?tx_szhrksearch_pi1%5Bresults_at_a_time%5D=100,1,2020-06-16 11:27:34.333016,/home/ubuntu/project_scrape/data/complete_info_main_url_with_time_stamp2020-06-16 11:27:34.333016.json
https://www.hochschulkompass.de/en/degree-programmes/study-in-germany-search/advanced-degree-programme-search/search/1/studtyp/3/pn/30.html?tx_szhrksearch_pi1%5Bresults_at_a_time%5D=100,1,2020-06-16 11:27:39.513126,/home/ubuntu/project_scrape/data/complete_info_main_url_with_time_stamp2020-06-16 11:27:39.513126.json
https://www.hochschulkompass.de/en/degree-programmes/study-in-germany-search/advanced-degree-programme-search/search/1/studtyp/3/pn/31.html?tx_szhrksearch_pi1%5Bresults_at_a_time%5D=100,1,2020-06-16 11:27:45.479849,/home/ubuntu/project_scrape/data/complete_info_main_url_with_time_stamp2020-06-16 11:27:45.479849.json
https://www.hochschulkompass.de/en/degree-programmes/study-in-germany-search/advanced-degree-programme-search/search/1/studtyp/3/pn/32.html?tx_szhrksearch_pi1%5Bresults_at_a_time%5D=100,1,2020-06-16 11:27:50.295975,/home/ubuntu/project_scrape/data/complete_info_main_url_with_time_stamp2020-06-16 11:27:50.295975.json
https://www.hochschulkompass.de/en/degree-programmes/study-in-germany-search/advanced-degree-programme-search/search/1/studtyp/3/pn/33.html?tx_szhrksearch_pi1%5Bresults_at_a_time%5D=100,1,2020-06-16 11:27:55.199091,/home/ubuntu/project_scrape/data/complete_info_main_url_with_time_stamp2020-06-16 11:27:55.199091.json
https://www.hochschulkompass.de/en/degree-programmes/study-in-germany-search/advanced-degree-programme-search/search/1/studtyp/3/pn/34.html?tx_szhrksearch_pi1%5Bresults_at_a_time%5D=100,1,2020-06-16 11:28:01.425161,/home/ubuntu/project_scrape/data/complete_info_main_url_with_time_stamp2020-06-16 11:28:01.425161.json
https://www.hochschulkompass.de/en/degree-programmes/study-in-germany-search/advanced-degree-programme-search/search/1/studtyp/3/pn/35.html?tx_szhrksearch_pi1%5Bresults_at_a_time%5D=100,1,2020-06-16 11:28:06.684648,/home/ubuntu/project_scrape/data/complete_info_main_url_with_time_stamp2020-06-16 11:28:06.684648.json
https://www.hochschulkompass.de/en/degree-programmes/study-in-germany-search/advanced-degree-programme-search/search/1/studtyp/3/pn/36.html?tx_szhrksearch_pi1%5Bresults_at_a_time%5D=100,1,2020-06-16 11:28:12.681819,/home/ubuntu/project_scrape/data/complete_info_main_url_with_time_stamp2020-06-16 11:28:12.681819.json
https://www.hochschulkompass.de/en/degree-programmes/study-in-germany-search/advanced-degree-programme-search/search/1/studtyp/3/pn/37.html?tx_szhrksearch_pi1%5Bresults_at_a_time%5D=100,1,2020-06-16 11:28:19.265003,/home/ubuntu/project_scrape/data/complete_info_main_url_with_time_stamp2020-06-16 11:28:19.265003.json
https://www.hochschulkompass.de/en/degree-programmes/study-in-germany-search/advanced-degree-programme-search/search/1/studtyp/3/pn/38.html?tx_szhrksearch_pi1%5Bresults_at_a_time%5D=100,1,2020-06-16 11:28:27.475175,/home/ubuntu/project_scrape/data/complete_info_main_url_with_time_stamp2020-06-16 11:28:27.475175.json
https://www.hochschulkompass.de/en/degree-programmes/study-in-germany-search/advanced-degree-programme-search/search/1/studtyp/3/pn/39.html?tx_szhrksearch_pi1%5Bresults_at_a_time%5D=100,1,2020-06-16 11:28:36.699963,/home/ubuntu/project_scrape/data/complete_info_main_url_with_time_stamp2020-06-16 11:28:36.699963.json
https://www.hochschulkompass.de/en/degree-programmes/study-in-germany-search/advanced-degree-programme-search/search/1/studtyp/3/pn/40.html?tx_szhrksearch_pi1%5Bresults_at_a_time%5D=100,1,2020-06-16 11:28:42.585490,/home/ubuntu/project_scrape/data/complete_info_main_url_with_time_stamp2020-06-16 11:28:42.585490.json
https://www.hochschulkompass.de/en/degree-programmes/study-in-germany-search/advanced-degree-programme-search/search/1/studtyp/3/pn/41.html?tx_szhrksearch_pi1%5Bresults_at_a_time%5D=100,1,2020-06-16 11:28:49.342809,/home/ubuntu/project_scrape/data/complete_info_main_url_with_time_stamp2020-06-16 11:28:49.342809.json
https://www.hochschulkompass.de/en/degree-programmes/study-in-germany-search/advanced-degree-programme-search/search/1/studtyp/3/pn/42.html?tx_szhrksearch_pi1%5Bresults_at_a_time%5D=100,1,2020-06-16 11:28:55.454054,/home/ubuntu/project_scrape/data/complete_info_main_url_with_time_stamp2020-06-16 11:28:55.454054.json
https://www.hochschulkompass.de/en/degree-programmes/study-in-germany-search/advanced-degree-programme-search/search/1/studtyp/3/pn/43.html?tx_szhrksearch_pi1%5Bresults_at_a_time%5D=100,1,2020-06-16 11:29:04.072153,/home/ubuntu/project_scrape/data/complete_info_main_url_with_time_stamp2020-06-16 11:29:04.072153.json
https://www.hochschulkompass.de/en/degree-programmes/study-in-germany-search/advanced-degree-programme-search/search/1/studtyp/3/pn/44.html?tx_szhrksearch_pi1%5Bresults_at_a_time%5D=100,1,2020-06-16 11:29:09.959075,/home/ubuntu/project_scrape/data/complete_info_main_url_with_time_stamp2020-06-16 11:29:09.959075.json
https://www.hochschulkompass.de/en/degree-programmes/study-in-germany-search/advanced-degree-programme-search/search/1/studtyp/3/pn/45.html?tx_szhrksearch_pi1%5Bresults_at_a_time%5D=100,1,2020-06-16 11:29:16.558765,/home/ubuntu/project_scrape/data/complete_info_main_url_with_time_stamp2020-06-16 11:29:16.558765.json
https://www.hochschulkompass.de/en/degree-programmes/study-in-germany-search/advanced-degree-programme-search/search/1/studtyp/3/pn/46.html?tx_szhrksearch_pi1%5Bresults_at_a_time%5D=100,1,2020-06-16 11:29:21.352210,/home/ubuntu/project_scrape/data/complete_info_main_url_with_time_stamp2020-06-16 11:29:21.352210.json
https://www.hochschulkompass.de/en/degree-programmes/study-in-germany-search/advanced-degree-programme-search/search/1/studtyp/3/pn/47.html?tx_szhrksearch_pi1%5Bresults_at_a_time%5D=100,1,2020-06-16 11:29:26.196856,/home/ubuntu/project_scrape/data/complete_info_main_url_with_time_stamp2020-06-16 11:29:26.196856.json
https://www.hochschulkompass.de/en/degree-programmes/study-in-germany-search/advanced-degree-programme-search/search/1/studtyp/3/pn/48.html?tx_szhrksearch_pi1%5Bresults_at_a_time%5D=100,1,2020-06-16 11:29:35.108484,/home/ubuntu/project_scrape/data/complete_info_main_url_with_time_stamp2020-06-16 11:29:35.108484.json
https://www.hochschulkompass.de/en/degree-programmes/study-in-germany-search/advanced-degree-programme-search/search/1/studtyp/3/pn/49.html?tx_szhrksearch_pi1%5Bresults_at_a_time%5D=100,1,2020-06-16 11:29:43.860368,/home/ubuntu/project_scrape/data/complete_info_main_url_with_time_stamp2020-06-16 11:29:43.860368.json
https://www.hochschulkompass.de/en/degree-programmes/study-in-germany-search/advanced-degree-programme-search/search/1/studtyp/3/pn/50.html?tx_szhrksearch_pi1%5Bresults_at_a_time%5D=100,1,2020-06-16 11:29:49.499433,/home/ubuntu/project_scrape/data/complete_info_main_url_with_time_stamp2020-06-16 11:29:49.499433.json
https://www.hochschulkompass.de/en/degree-programmes/study-in-germany-search/advanced-degree-programme-search/search/1/studtyp/3/pn/51.html?tx_szhrksearch_pi1%5Bresults_at_a_time%5D=100,1,2020-06-16 11:29:53.875434,/home/ubuntu/project_scrape/data/complete_info_main_url_with_time_stamp2020-06-16 11:29:53.875434.json
https://www.hochschulkompass.de/en/degree-programmes/study-in-germany-search/advanced-degree-programme-search/search/1/studtyp/3/pn/52.html?tx_szhrksearch_pi1%5Bresults_at_a_time%5D=100,1,2020-06-16 11:30:01.393230,/home/ubuntu/project_scrape/data/complete_info_main_url_with_time_stamp2020-06-16 11:30:01.393230.json
https://www.hochschulkompass.de/en/degree-programmes/study-in-germany-search/advanced-degree-programme-search/search/1/studtyp/3/pn/53.html?tx_szhrksearch_pi1%5Bresults_at_a_time%5D=100,1,2020-06-16 11:30:06.037146,/home/ubuntu/project_scrape/data/complete_info_main_url_with_time_stamp2020-06-16 11:30:06.037146.json
https://www.hochschulkompass.de/en/degree-programmes/study-in-germany-search/advanced-degree-programme-search/search/1/studtyp/3/pn/54.html?tx_szhrksearch_pi1%5Bresults_at_a_time%5D=100,1,2020-06-16 11:30:11.855720,/home/ubuntu/project_scrape/data/complete_info_main_url_with_time_stamp2020-06-16 11:30:11.855720.json
https://www.hochschulkompass.de/en/degree-programmes/study-in-germany-search/advanced-degree-programme-search/search/1/studtyp/3/pn/55.html?tx_szhrksearch_pi1%5Bresults_at_a_time%5D=100,1,2020-06-16 11:30:17.964518,/home/ubuntu/project_scrape/data/complete_info_main_url_with_time_stamp2020-06-16 11:30:17.964518.json
https://www.hochschulkompass.de/en/degree-programmes/study-in-germany-search/advanced-degree-programme-search/search/1/studtyp/3/pn/56.html?tx_szhrksearch_pi1%5Bresults_at_a_time%5D=100,1,2020-06-16 11:30:27.273589,/home/ubuntu/project_scrape/data/complete_info_main_url_with_time_stamp2020-06-16 11:30:27.273589.json
https://www.hochschulkompass.de/en/degree-programmes/study-in-germany-search/advanced-degree-programme-search/search/1/studtyp/3/pn/57.html?tx_szhrksearch_pi1%5Bresults_at_a_time%5D=100,1,2020-06-16 11:30:33.974949,/home/ubuntu/project_scrape/data/complete_info_main_url_with_time_stamp2020-06-16 11:30:33.974949.json
https://www.hochschulkompass.de/en/degree-programmes/study-in-germany-search/advanced-degree-programme-search/search/1/studtyp/3/pn/58.html?tx_szhrksearch_pi1%5Bresults_at_a_time%5D=100,1,2020-06-16 11:30:39.106281,/home/ubuntu/project_scrape/data/complete_info_main_url_with_time_stamp2020-06-16 11:30:39.106281.json
https://www.hochschulkompass.de/en/degree-programmes/study-in-germany-search/advanced-degree-programme-search/search/1/studtyp/3/pn/59.html?tx_szhrksearch_pi1%5Bresults_at_a_time%5D=100,1,2020-06-16 11:30:45.067295,/home/ubuntu/project_scrape/data/complete_info_main_url_with_time_stamp2020-06-16 11:30:45.067295.json
https://www.hochschulkompass.de/en/degree-programmes/study-in-germany-search/advanced-degree-programme-search/search/1/studtyp/3/pn/60.html?tx_szhrksearch_pi1%5Bresults_at_a_time%5D=100,1,2020-06-16 11:30:51.080907,/home/ubuntu/project_scrape/data/complete_info_main_url_with_time_stamp2020-06-16 11:30:51.080907.json
https://www.hochschulkompass.de/en/degree-programmes/study-in-germany-search/advanced-degree-programme-search/search/1/studtyp/3/pn/61.html?tx_szhrksearch_pi1%5Bresults_at_a_time%5D=100,1,2020-06-16 11:30:57.459424,/home/ubuntu/project_scrape/data/complete_info_main_url_with_time_stamp2020-06-16 11:30:57.459424.json
https://www.hochschulkompass.de/en/degree-programmes/study-in-germany-search/advanced-degree-programme-search/search/1/studtyp/3/pn/62.html?tx_szhrksearch_pi1%5Bresults_at_a_time%5D=100,1,2020-06-16 11:31:03.901965,/home/ubuntu/project_scrape/data/complete_info_main_url_with_time_stamp2020-06-16 11:31:03.901965.json
https://www.hochschulkompass.de/en/degree-programmes/study-in-germany-search/advanced-degree-programme-search/search/1/studtyp/3/pn/63.html?tx_szhrksearch_pi1%5Bresults_at_a_time%5D=100,1,2020-06-16 11:31:09.936839,/home/ubuntu/project_scrape/data/complete_info_main_url_with_time_stamp2020-06-16 11:31:09.936839.json
https://www.hochschulkompass.de/en/degree-programmes/study-in-germany-search/advanced-degree-programme-search/search/1/studtyp/3/pn/64.html?tx_szhrksearch_pi1%5Bresults_at_a_time%5D=100,1,2020-06-16 11:31:21.462224,/home/ubuntu/project_scrape/data/complete_info_main_url_with_time_stamp2020-06-16 11:31:21.462224.json
https://www.hochschulkompass.de/en/degree-programmes/study-in-germany-search/advanced-degree-programme-search/search/1/studtyp/3/pn/65.html?tx_szhrksearch_pi1%5Bresults_at_a_time%5D=100,1,2020-06-16 11:31:26.604001,/home/ubuntu/project_scrape/data/complete_info_main_url_with_time_stamp2020-06-16 11:31:26.604001.json
https://www.hochschulkompass.de/en/degree-programmes/study-in-germany-search/advanced-degree-programme-search/search/1/studtyp/3/pn/66.html?tx_szhrksearch_pi1%5Bresults_at_a_time%5D=100,1,2020-06-16 11:31:31.381512,/home/ubuntu/project_scrape/data/complete_info_main_url_with_time_stamp2020-06-16 11:31:31.381512.json
https://www.hochschulkompass.de/en/degree-programmes/study-in-germany-search/advanced-degree-programme-search/search/1/studtyp/3/pn/67.html?tx_szhrksearch_pi1%5Bresults_at_a_time%5D=100,1,2020-06-16 11:31:36.427378,/home/ubuntu/project_scrape/data/complete_info_main_url_with_time_stamp2020-06-16 11:31:36.427378.json
https://www.hochschulkompass.de/en/degree-programmes/study-in-germany-search/advanced-degree-programme-search/search/1/studtyp/3/pn/68.html?tx_szhrksearch_pi1%5Bresults_at_a_time%5D=100,1,2020-06-16 11:31:41.991932,/home/ubuntu/project_scrape/data/complete_info_main_url_with_time_stamp2020-06-16 11:31:41.991932.json
https://www.hochschulkompass.de/en/degree-programmes/study-in-germany-search/advanced-degree-programme-search/search/1/studtyp/3/pn/69.html?tx_szhrksearch_pi1%5Bresults_at_a_time%5D=100,1,2020-06-16 11:31:48.014885,/home/ubuntu/project_scrape/data/complete_info_main_url_with_time_stamp2020-06-16 11:31:48.014885.json
https://www.hochschulkompass.de/en/degree-programmes/study-in-germany-search/advanced-degree-programme-search/search/1/studtyp/3/pn/70.html?tx_szhrksearch_pi1%5Bresults_at_a_time%5D=100,1,2020-06-16 11:31:53.902214,/home/ubuntu/project_scrape/data/complete_info_main_url_with_time_stamp2020-06-16 11:31:53.902214.json
https://www.hochschulkompass.de/en/degree-programmes/study-in-germany-search/advanced-degree-programme-search/search/1/studtyp/3/pn/71.html?tx_szhrksearch_pi1%5Bresults_at_a_time%5D=100,1,2020-06-16 11:31:59.561762,/home/ubuntu/project_scrape/data/complete_info_main_url_with_time_stamp2020-06-16 11:31:59.561762.json
https://www.hochschulkompass.de/en/degree-programmes/study-in-germany-search/advanced-degree-programme-search/search/1/studtyp/3/pn/72.html?tx_szhrksearch_pi1%5Bresults_at_a_time%5D=100,1,2020-06-16 11:32:03.856478,/home/ubuntu/project_scrape/data/complete_info_main_url_with_time_stamp2020-06-16 11:32:03.856478.json
https://www.hochschulkompass.de/en/degree-programmes/study-in-germany-search/advanced-degree-programme-search/search/1/studtyp/3/pn/73.html?tx_szhrksearch_pi1%5Bresults_at_a_time%5D=100,1,2020-06-16 11:32:13.329419,/home/ubuntu/project_scrape/data/complete_info_main_url_with_time_stamp2020-06-16 11:32:13.329419.json
https://www.hochschulkompass.de/en/degree-programmes/study-in-germany-search/advanced-degree-programme-search/search/1/studtyp/3/pn/74.html?tx_szhrksearch_pi1%5Bresults_at_a_time%5D=100,1,2020-06-16 11:32:19.899726,/home/ubuntu/project_scrape/data/complete_info_main_url_with_time_stamp2020-06-16 11:32:19.899726.json
https://www.hochschulkompass.de/en/degree-programmes/study-in-germany-search/advanced-degree-programme-search/search/1/studtyp/3/pn/75.html?tx_szhrksearch_pi1%5Bresults_at_a_time%5D=100,1,2020-06-16 11:32:24.741955,/home/ubuntu/project_scrape/data/complete_info_main_url_with_time_stamp2020-06-16 11:32:24.741955.json
https://www.hochschulkompass.de/en/degree-programmes/study-in-germany-search/advanced-degree-programme-search/search/1/studtyp/3/pn/76.html?tx_szhrksearch_pi1%5Bresults_at_a_time%5D=100,1,2020-06-16 11:32:30.256770,/home/ubuntu/project_scrape/data/complete_info_main_url_with_time_stamp2020-06-16 11:32:30.256770.json
https://www.hochschulkompass.de/en/degree-programmes/study-in-germany-search/advanced-degree-programme-search/search/1/studtyp/3/pn/77.html?tx_szhrksearch_pi1%5Bresults_at_a_time%5D=100,1,2020-06-16 11:32:39.159045,/home/ubuntu/project_scrape/data/complete_info_main_url_with_time_stamp2020-06-16 11:32:39.159045.json
https://www.hochschulkompass.de/en/degree-programmes/study-in-germany-search/advanced-degree-programme-search/search/1/studtyp/3/pn/78.html?tx_szhrksearch_pi1%5Bresults_at_a_time%5D=100,1,2020-06-16 11:32:43.913374,/home/ubuntu/project_scrape/data/complete_info_main_url_with_time_stamp2020-06-16 11:32:43.913374.json
https://www.hochschulkompass.de/en/degree-programmes/study-in-germany-search/advanced-degree-programme-search/search/1/studtyp/3/pn/79.html?tx_szhrksearch_pi1%5Bresults_at_a_time%5D=100,1,2020-06-16 11:32:48.541437,/home/ubuntu/project_scrape/data/complete_info_main_url_with_time_stamp2020-06-16 11:32:48.541437.json
https://www.hochschulkompass.de/en/degree-programmes/study-in-germany-search/advanced-degree-programme-search/search/1/studtyp/3/pn/80.html?tx_szhrksearch_pi1%5Bresults_at_a_time%5D=100,1,2020-06-16 11:32:54.901330,/home/ubuntu/project_scrape/data/complete_info_main_url_with_time_stamp2020-06-16 11:32:54.901330.json
https://www.hochschulkompass.de/en/degree-programmes/study-in-germany-search/advanced-degree-programme-search/search/1/studtyp/3/pn/81.html?tx_szhrksearch_pi1%5Bresults_at_a_time%5D=100,1,2020-06-16 11:32:59.604596,/home/ubuntu/project_scrape/data/complete_info_main_url_with_time_stamp2020-06-16 11:32:59.604596.json
https://www.hochschulkompass.de/en/degree-programmes/study-in-germany-search/advanced-degree-programme-search/search/1/studtyp/3/pn/82.html?tx_szhrksearch_pi1%5Bresults_at_a_time%5D=100,1,2020-06-16 11:33:05.589803,/home/ubuntu/project_scrape/data/complete_info_main_url_with_time_stamp2020-06-16 11:33:05.589803.json
https://www.hochschulkompass.de/en/degree-programmes/study-in-germany-search/advanced-degree-programme-search/search/1/studtyp/3/pn/83.html?tx_szhrksearch_pi1%5Bresults_at_a_time%5D=100,1,2020-06-16 11:33:11.586475,/home/ubuntu/project_scrape/data/complete_info_main_url_with_time_stamp2020-06-16 11:33:11.586475.json
https://www.hochschulkompass.de/en/degree-programmes/study-in-germany-search/advanced-degree-programme-search/search/1/studtyp/3/pn/84.html?tx_szhrksearch_pi1%5Bresults_at_a_time%5D=100,1,2020-06-16 11:33:20.836307,/home/ubuntu/project_scrape/data/complete_info_main_url_with_time_stamp2020-06-16 11:33:20.836307.json
https://www.hochschulkompass.de/en/degree-programmes/study-in-germany-search/advanced-degree-programme-search/search/1/studtyp/3/pn/85.html?tx_szhrksearch_pi1%5Bresults_at_a_time%5D=100,1,2020-06-16 11:33:25.509206,/home/ubuntu/project_scrape/data/complete_info_main_url_with_time_stamp2020-06-16 11:33:25.509206.json
https://www.hochschulkompass.de/en/degree-programmes/study-in-germany-search/advanced-degree-programme-search/search/1/studtyp/3/pn/86.html?tx_szhrksearch_pi1%5Bresults_at_a_time%5D=100,1,2020-06-16 11:33:31.122158,/home/ubuntu/project_scrape/data/complete_info_main_url_with_time_stamp2020-06-16 11:33:31.122158.json
https://www.hochschulkompass.de/en/degree-programmes/study-in-germany-search/advanced-degree-programme-search/search/1/studtyp/3/pn/87.html?tx_szhrksearch_pi1%5Bresults_at_a_time%5D=100,1,2020-06-16 11:33:36.913665,/home/ubuntu/project_scrape/data/complete_info_main_url_with_time_stamp2020-06-16 11:33:36.913665.json
https://www.hochschulkompass.de/en/degree-programmes/study-in-germany-search/advanced-degree-programme-search/search/1/studtyp/3/pn/88.html?tx_szhrksearch_pi1%5Bresults_at_a_time%5D=100,1,2020-06-16 11:33:42.890205,/home/ubuntu/project_scrape/data/complete_info_main_url_with_time_stamp2020-06-16 11:33:42.890205.json
https://www.hochschulkompass.de/en/degree-programmes/study-in-germany-search/advanced-degree-programme-search/search/1/studtyp/3/pn/89.html?tx_szhrksearch_pi1%5Bresults_at_a_time%5D=100,1,2020-06-16 11:33:50.469553,/home/ubuntu/project_scrape/data/complete_info_main_url_with_time_stamp2020-06-16 11:33:50.469553.json
https://www.hochschulkompass.de/en/degree-programmes/study-in-germany-search/advanced-degree-programme-search/search/1/studtyp/3/pn/90.html?tx_szhrksearch_pi1%5Bresults_at_a_time%5D=100,1,2020-06-16 11:33:58.103252,/home/ubuntu/project_scrape/data/complete_info_main_url_with_time_stamp2020-06-16 11:33:58.103252.json
https://www.hochschulkompass.de/en/degree-programmes/study-in-germany-search/advanced-degree-programme-search/search/1/studtyp/3/pn/91.html?tx_szhrksearch_pi1%5Bresults_at_a_time%5D=100,1,2020-06-16 11:34:03.731741,/home/ubuntu/project_scrape/data/complete_info_main_url_with_time_stamp2020-06-16 11:34:03.731741.json
https://www.hochschulkompass.de/en/degree-programmes/study-in-germany-search/advanced-degree-programme-search/search/1/studtyp/3/pn/92.html?tx_szhrksearch_pi1%5Bresults_at_a_time%5D=100,1,2020-06-16 11:34:09.188172,/home/ubuntu/project_scrape/data/complete_info_main_url_with_time_stamp2020-06-16 11:34:09.188172.json
https://www.hochschulkompass.de/en/degree-programmes/study-in-germany-search/advanced-degree-programme-search/search/1/studtyp/3/pn/93.html?tx_szhrksearch_pi1%5Bresults_at_a_time%5D=100,1,2020-06-16 11:34:15.711695,/home/ubuntu/project_scrape/data/complete_info_main_url_with_time_stamp2020-06-16 11:34:15.711695.json
https://www.hochschulkompass.de/en/degree-programmes/study-in-germany-search/advanced-degree-programme-search/search/1/studtyp/3/pn/94.html?tx_szhrksearch_pi1%5Bresults_at_a_time%5D=100,1,2020-06-16 11:34:24.329457,/home/ubuntu/project_scrape/data/complete_info_main_url_with_time_stamp2020-06-16 11:34:24.329457.json
https://www.hochschulkompass.de/en/degree-programmes/study-in-germany-search/advanced-degree-programme-search/search/1/studtyp/3/pn/95.html?tx_szhrksearch_pi1%5Bresults_at_a_time%5D=100,1,2020-06-16 11:34:32.177353,/home/ubuntu/project_scrape/data/complete_info_main_url_with_time_stamp2020-06-16 11:34:32.177353.json
https://www.hochschulkompass.de/en/degree-programmes/study-in-germany-search/advanced-degree-programme-search/search/1/studtyp/3/pn/96.html?tx_szhrksearch_pi1%5Bresults_at_a_time%5D=100,1,2020-06-16 11:34:39.334585,/home/ubuntu/project_scrape/data/complete_info_main_url_with_time_stamp2020-06-16 11:34:39.334585.json
https://www.hochschulkompass.de/en/degree-programmes/study-in-germany-search/advanced-degree-programme-search/search/1/studtyp/3/pn/97.html?tx_szhrksearch_pi1%5Bresults_at_a_time%5D=100,1,2020-06-16 11:34:47.048495,/home/ubuntu/project_scrape/data/complete_info_main_url_with_time_stamp2020-06-16 11:34:47.048495.json
https://www.hochschulkompass.de/en/degree-programmes/study-in-germany-search/advanced-degree-programme-search/search/1/studtyp/3/pn/98.html?tx_szhrksearch_pi1%5Bresults_at_a_time%5D=100,1,2020-06-16 11:34:53.650630,/home/ubuntu/project_scrape/data/complete_info_main_url_with_time_stamp2020-06-16 11:34:53.650630.json
https://www.hochschulkompass.de/en/degree-programmes/study-in-germany-search/advanced-degree-programme-search/search/1/studtyp/3/pn/99.html?tx_szhrksearch_pi1%5Bresults_at_a_time%5D=100,1,2020-06-16 11:34:58.292190,/home/ubuntu/project_scrape/data/complete_info_main_url_with_time_stamp2020-06-16 11:34:58.292190.json
https://www.hochschulkompass.de/en/degree-programmes/study-in-germany-search/advanced-degree-programme-search/search/1/studtyp/3/pn/100.html?tx_szhrksearch_pi1%5Bresults_at_a_time%5D=100,1,2020-06-16 11:35:03.974171,/home/ubuntu/project_scrape/data/complete_info_main_url_with_time_stamp2020-06-16 11:35:03.974171.json
https://www.hochschulkompass.de/en/degree-programmes/study-in-germany-search/advanced-degree-programme-search/search/1/studtyp/3/pn/101.html?tx_szhrksearch_pi1%5Bresults_at_a_time%5D=100,1,2020-06-16 11:35:13.330310,/home/ubuntu/project_scrape/data/complete_info_main_url_with_time_stamp2020-06-16 11:35:13.330310.json
https://www.hochschulkompass.de/en/degree-programmes/study-in-germany-search/advanced-degree-programme-search/search/1/studtyp/3/pn/102.html?tx_szhrksearch_pi1%5Bresults_at_a_time%5D=100,1,2020-06-16 11:35:18.024845,/home/ubuntu/project_scrape/data/complete_info_main_url_with_time_stamp2020-06-16 11:35:18.024845.json
https://www.hochschulkompass.de/en/degree-programmes/study-in-germany-search/advanced-degree-programme-search/search/1/studtyp/3/pn/103.html?tx_szhrksearch_pi1%5Bresults_at_a_time%5D=100,1,2020-06-16 11:35:24.119947,/home/ubuntu/project_scrape/data/complete_info_main_url_with_time_stamp2020-06-16 11:35:24.119947.json
https://www.hochschulkompass.de/en/degree-programmes/study-in-germany-search/advanced-degree-programme-search/search/1/studtyp/3/pn/104.html?tx_szhrksearch_pi1%5Bresults_at_a_time%5D=100,1,2020-06-16 11:35:30.816792,/home/ubuntu/project_scrape/data/complete_info_main_url_with_time_stamp2020-06-16 11:35:30.816792.json
https://www.hochschulkompass.de/en/degree-programmes/study-in-germany-search/advanced-degree-programme-search/search/1/studtyp/3/pn/105.html?tx_szhrksearch_pi1%5Bresults_at_a_time%5D=100,1,2020-06-16 11:35:35.846863,/home/ubuntu/project_scrape/data/complete_info_main_url_with_time_stamp2020-06-16 11:35:35.846863.json
https://www.hochschulkompass.de/en/degree-programmes/study-in-germany-search/advanced-degree-programme-search/search/1/studtyp/3/pn/106.html?tx_szhrksearch_pi1%5Bresults_at_a_time%5D=100,1,2020-06-16 11:35:42.359249,/home/ubuntu/project_scrape/data/complete_info_main_url_with_time_stamp2020-06-16 11:35:42.359249.json
https://www.hochschulkompass.de/en/degree-programmes/study-in-germany-search/advanced-degree-programme-search/search/1/studtyp/3/pn/107.html?tx_szhrksearch_pi1%5Bresults_at_a_time%5D=100,1,2020-06-16 11:35:46.074403,/home/ubuntu/project_scrape/data/complete_info_main_url_with_time_stamp2020-06-16 11:35:46.074403.json
https://www.hochschulkompass.de/en/degree-programmes/study-in-germany-search/advanced-degree-programme-search/search/1/studtyp/3/pn/108.html?tx_szhrksearch_pi1%5Bresults_at_a_time%5D=100,1,2020-06-16 11:35:51.228004,/home/ubuntu/project_scrape/data/complete_info_main_url_with_time_stamp2020-06-16 11:35:51.228004.json
https://www.hochschulkompass.de/en/degree-programmes/study-in-germany-search/advanced-degree-programme-search/search/1/studtyp/3/pn/109.html?tx_szhrksearch_pi1%5Bresults_at_a_time%5D=100,1,2020-06-16 11:35:57.122633,/home/ubuntu/project_scrape/data/complete_info_main_url_with_time_stamp2020-06-16 11:35:57.122633.json
https://www.hochschulkompass.de/en/degree-programmes/study-in-germany-search/advanced-degree-programme-search/search/1/studtyp/3/pn/110.html?tx_szhrksearch_pi1%5Bresults_at_a_time%5D=100,1,2020-06-16 11:36:03.074777,/home/ubuntu/project_scrape/data/complete_info_main_url_with_time_stamp2020-06-16 11:36:03.074777.json
https://www.hochschulkompass.de/en/degree-programmes/study-in-germany-search/advanced-degree-programme-search/search/1/studtyp/3/pn/111.html?tx_szhrksearch_pi1%5Bresults_at_a_time%5D=100,1,2020-06-16 11:36:07.817295,/home/ubuntu/project_scrape/data/complete_info_main_url_with_time_stamp2020-06-16 11:36:07.817295.json
https://www.hochschulkompass.de/en/degree-programmes/study-in-germany-search/advanced-degree-programme-search/search/1/studtyp/3/pn/112.html?tx_szhrksearch_pi1%5Bresults_at_a_time%5D=100,1,2020-06-16 11:36:14.323549,/home/ubuntu/project_scrape/data/complete_info_main_url_with_time_stamp2020-06-16 11:36:14.323549.json
https://www.hochschulkompass.de/en/degree-programmes/study-in-germany-search/advanced-degree-programme-search/search/1/studtyp/3/pn/113.html?tx_szhrksearch_pi1%5Bresults_at_a_time%5D=100,1,2020-06-16 11:36:22.310358,/home/ubuntu/project_scrape/data/complete_info_main_url_with_time_stamp2020-06-16 11:36:22.310358.json
https://www.hochschulkompass.de/en/degree-programmes/study-in-germany-search/advanced-degree-programme-search/search/1/studtyp/3/pn/114.html?tx_szhrksearch_pi1%5Bresults_at_a_time%5D=100,1,2020-06-16 11:36:29.464715,/home/ubuntu/project_scrape/data/complete_info_main_url_with_time_stamp2020-06-16 11:36:29.464715.json
https://www.hochschulkompass.de/en/degree-programmes/study-in-germany-search/advanced-degree-programme-search/search/1/studtyp/3/pn/115.html?tx_szhrksearch_pi1%5Bresults_at_a_time%5D=100,1,2020-06-16 11:36:35.375758,/home/ubuntu/project_scrape/data/complete_info_main_url_with_time_stamp2020-06-16 11:36:35.375758.json
https://www.hochschulkompass.de/en/degree-programmes/study-in-germany-search/advanced-degree-programme-search/search/1/studtyp/3/pn/116.html?tx_szhrksearch_pi1%5Bresults_at_a_time%5D=100,1,2020-06-16 11:36:42.662241,/home/ubuntu/project_scrape/data/complete_info_main_url_with_time_stamp2020-06-16 11:36:42.662241.json
https://www.hochschulkompass.de/en/degree-programmes/study-in-germany-search/advanced-degree-programme-search/search/1/studtyp/3/pn/117.html?tx_szhrksearch_pi1%5Bresults_at_a_time%5D=100,1,2020-06-16 11:36:48.388819,/home/ubuntu/project_scrape/data/complete_info_main_url_with_time_stamp2020-06-16 11:36:48.388819.json
https://www.hochschulkompass.de/en/degree-programmes/study-in-germany-search/advanced-degree-programme-search/search/1/studtyp/3/pn/118.html?tx_szhrksearch_pi1%5Bresults_at_a_time%5D=100,1,2020-06-16 11:36:54.147947,/home/ubuntu/project_scrape/data/complete_info_main_url_with_time_stamp2020-06-16 11:36:54.147947.json
https://www.hochschulkompass.de/en/degree-programmes/study-in-germany-search/advanced-degree-programme-search/search/1/studtyp/3/pn/119.html?tx_szhrksearch_pi1%5Bresults_at_a_time%5D=100,1,2020-06-16 11:37:02.378086,/home/ubuntu/project_scrape/data/complete_info_main_url_with_time_stamp2020-06-16 11:37:02.378086.json
https://www.hochschulkompass.de/en/degree-programmes/study-in-germany-search/advanced-degree-programme-search/search/1/studtyp/3/pn/120.html?tx_szhrksearch_pi1%5Bresults_at_a_time%5D=100,1,2020-06-16 11:37:06.064531,/home/ubuntu/project_scrape/data/complete_info_main_url_with_time_stamp2020-06-16 11:37:06.064531.json
https://www.hochschulkompass.de/en/degree-programmes/study-in-germany-search/advanced-degree-programme-search/search/1/studtyp/3/pn/121.html?tx_szhrksearch_pi1%5Bresults_at_a_time%5D=100,1,2020-06-16 11:37:13.608846,/home/ubuntu/project_scrape/data/complete_info_main_url_with_time_stamp2020-06-16 11:37:13.608846.json
https://www.hochschulkompass.de/en/degree-programmes/study-in-germany-search/advanced-degree-programme-search/search/1/studtyp/3/pn/122.html?tx_szhrksearch_pi1%5Bresults_at_a_time%5D=100,1,2020-06-16 11:37:19.670184,/home/ubuntu/project_scrape/data/complete_info_main_url_with_time_stamp2020-06-16 11:37:19.670184.json
https://www.hochschulkompass.de/en/degree-programmes/study-in-germany-search/advanced-degree-programme-search/search/1/studtyp/3/pn/123.html?tx_szhrksearch_pi1%5Bresults_at_a_time%5D=100,1,2020-06-16 11:37:24.893751,/home/ubuntu/project_scrape/data/complete_info_main_url_with_time_stamp2020-06-16 11:37:24.893751.json
https://www.hochschulkompass.de/en/degree-programmes/study-in-germany-search/advanced-degree-programme-search/search/1/studtyp/3/pn/124.html?tx_szhrksearch_pi1%5Bresults_at_a_time%5D=100,1,2020-06-16 11:37:30.382944,/home/ubuntu/project_scrape/data/complete_info_main_url_with_time_stamp2020-06-16 11:37:30.382944.json
https://www.hochschulkompass.de/en/degree-programmes/study-in-germany-search/advanced-degree-programme-search/search/1/studtyp/3/pn/125.html?tx_szhrksearch_pi1%5Bresults_at_a_time%5D=100,1,2020-06-16 11:37:36.287362,/home/ubuntu/project_scrape/data/complete_info_main_url_with_time_stamp2020-06-16 11:37:36.287362.json
https://www.hochschulkompass.de/en/degree-programmes/study-in-germany-search/advanced-degree-programme-search/search/1/studtyp/3/pn/126.html?tx_szhrksearch_pi1%5Bresults_at_a_time%5D=100,1,2020-06-16 11:37:41.333905,/home/ubuntu/project_scrape/data/complete_info_main_url_with_time_stamp2020-06-16 11:37:41.333905.json
https://www.hochschulkompass.de/en/degree-programmes/study-in-germany-search/advanced-degree-programme-search/search/1/studtyp/3/pn/127.html?tx_szhrksearch_pi1%5Bresults_at_a_time%5D=100,1,2020-06-16 11:37:51.991876,/home/ubuntu/project_scrape/data/complete_info_main_url_with_time_stamp2020-06-16 11:37:51.991876.json
https://www.hochschulkompass.de/en/degree-programmes/study-in-germany-search/advanced-degree-programme-search/search/1/studtyp/3/pn/128.html?tx_szhrksearch_pi1%5Bresults_at_a_time%5D=100,1,2020-06-16 11:38:01.477399,/home/ubuntu/project_scrape/data/complete_info_main_url_with_time_stamp2020-06-16 11:38:01.477399.json
https://www.hochschulkompass.de/en/degree-programmes/study-in-germany-search/advanced-degree-programme-search/search/1/studtyp/3/pn/129.html?tx_szhrksearch_pi1%5Bresults_at_a_time%5D=100,1,2020-06-16 11:38:07.542339,/home/ubuntu/project_scrape/data/complete_info_main_url_with_time_stamp2020-06-16 11:38:07.542339.json
https://www.hochschulkompass.de/en/degree-programmes/study-in-germany-search/advanced-degree-programme-search/search/1/studtyp/3/pn/130.html?tx_szhrksearch_pi1%5Bresults_at_a_time%5D=100,1,2020-06-16 11:38:12.271469,/home/ubuntu/project_scrape/data/complete_info_main_url_with_time_stamp2020-06-16 11:38:12.271469.json
https://www.hochschulkompass.de/en/degree-programmes/study-in-germany-search/advanced-degree-programme-search/search/1/studtyp/3/pn/131.html?tx_szhrksearch_pi1%5Bresults_at_a_time%5D=100,1,2020-06-16 11:38:18.871304,/home/ubuntu/project_scrape/data/complete_info_main_url_with_time_stamp2020-06-16 11:38:18.871304.json
https://www.hochschulkompass.de/en/degree-programmes/study-in-germany-search/advanced-degree-programme-search/search/1/studtyp/3/pn/132.html?tx_szhrksearch_pi1%5Bresults_at_a_time%5D=100,1,2020-06-16 11:38:24.380548,/home/ubuntu/project_scrape/data/complete_info_main_url_with_time_stamp2020-06-16 11:38:24.380548.json
https://www.hochschulkompass.de/en/degree-programmes/study-in-germany-search/advanced-degree-programme-search/search/1/studtyp/3/pn/133.html?tx_szhrksearch_pi1%5Bresults_at_a_time%5D=100,1,2020-06-16 11:38:30.193682,/home/ubuntu/project_scrape/data/complete_info_main_url_with_time_stamp2020-06-16 11:38:30.193682.json
https://www.hochschulkompass.de/en/degree-programmes/study-in-germany-search/advanced-degree-programme-search/search/1/studtyp/3/pn/134.html?tx_szhrksearch_pi1%5Bresults_at_a_time%5D=100,1,2020-06-16 11:38:36.110795,/home/ubuntu/project_scrape/data/complete_info_main_url_with_time_stamp2020-06-16 11:38:36.110795.json
https://www.hochschulkompass.de/en/degree-programmes/study-in-germany-search/advanced-degree-programme-search/search/1/studtyp/3/pn/135.html?tx_szhrksearch_pi1%5Bresults_at_a_time%5D=100,1,2020-06-16 11:38:40.743118,/home/ubuntu/project_scrape/data/complete_info_main_url_with_time_stamp2020-06-16 11:38:40.743118.json
https://www.hochschulkompass.de/en/degree-programmes/study-in-germany-search/advanced-degree-programme-search/search/1/studtyp/3/pn/136.html?tx_szhrksearch_pi1%5Bresults_at_a_time%5D=100,1,2020-06-16 11:38:45.934896,/home/ubuntu/project_scrape/data/complete_info_main_url_with_time_stamp2020-06-16 11:38:45.934896.json
https://www.hochschulkompass.de/en/degree-programmes/study-in-germany-search/advanced-degree-programme-search/search/1/studtyp/3/pn/137.html?tx_szhrksearch_pi1%5Bresults_at_a_time%5D=100,1,2020-06-16 11:38:51.372459,/home/ubuntu/project_scrape/data/complete_info_main_url_with_time_stamp2020-06-16 11:38:51.372459.json
https://www.hochschulkompass.de/en/degree-programmes/study-in-germany-search/advanced-degree-programme-search/search/1/studtyp/3/pn/138.html?tx_szhrksearch_pi1%5Bresults_at_a_time%5D=100,1,2020-06-16 11:38:56.020918,/home/ubuntu/project_scrape/data/complete_info_main_url_with_time_stamp2020-06-16 11:38:56.020918.json
https://www.hochschulkompass.de/en/degree-programmes/study-in-germany-search/advanced-degree-programme-search/search/1/studtyp/3/pn/139.html?tx_szhrksearch_pi1%5Bresults_at_a_time%5D=100,1,2020-06-16 11:39:03.938578,/home/ubuntu/project_scrape/data/complete_info_main_url_with_time_stamp2020-06-16 11:39:03.938578.json
https://www.hochschulkompass.de/en/degree-programmes/study-in-germany-search/advanced-degree-programme-search/search/1/studtyp/3/pn/140.html?tx_szhrksearch_pi1%5Bresults_at_a_time%5D=100,1,2020-06-16 11:39:12.666557,/home/ubuntu/project_scrape/data/complete_info_main_url_with_time_stamp2020-06-16 11:39:12.666557.json
https://www.hochschulkompass.de/en/degree-programmes/study-in-germany-search/advanced-degree-programme-search/search/1/studtyp/3/pn/141.html?tx_szhrksearch_pi1%5Bresults_at_a_time%5D=100,1,2020-06-16 11:39:18.181698,/home/ubuntu/project_scrape/data/complete_info_main_url_with_time_stamp2020-06-16 11:39:18.181698.json
https://www.hochschulkompass.de/en/degree-programmes/study-in-germany-search/advanced-degree-programme-search/search/1/studtyp/3/pn/142.html?tx_szhrksearch_pi1%5Bresults_at_a_time%5D=100,1,2020-06-16 11:39:24.357648,/home/ubuntu/project_scrape/data/complete_info_main_url_with_time_stamp2020-06-16 11:39:24.357648.json
https://www.hochschulkompass.de/en/degree-programmes/study-in-germany-search/advanced-degree-programme-search/search/1/studtyp/3/pn/143.html?tx_szhrksearch_pi1%5Bresults_at_a_time%5D=100,1,2020-06-16 11:39:32.497506,/home/ubuntu/project_scrape/data/complete_info_main_url_with_time_stamp2020-06-16 11:39:32.497506.json
https://www.hochschulkompass.de/en/degree-programmes/study-in-germany-search/advanced-degree-programme-search/search/1/studtyp/3/pn/144.html?tx_szhrksearch_pi1%5Bresults_at_a_time%5D=100,1,2020-06-16 11:39:39.415061,/home/ubuntu/project_scrape/data/complete_info_main_url_with_time_stamp2020-06-16 11:39:39.415061.json
https://www.hochschulkompass.de/en/degree-programmes/study-in-germany-search/advanced-degree-programme-search/search/1/studtyp/3/pn/145.html?tx_szhrksearch_pi1%5Bresults_at_a_time%5D=100,1,2020-06-16 11:39:44.254819,/home/ubuntu/project_scrape/data/complete_info_main_url_with_time_stamp2020-06-16 11:39:44.254819.json
https://www.hochschulkompass.de/en/degree-programmes/study-in-germany-search/advanced-degree-programme-search/search/1/studtyp/3/pn/146.html?tx_szhrksearch_pi1%5Bresults_at_a_time%5D=100,1,2020-06-16 11:39:50.659821,/home/ubuntu/project_scrape/data/complete_info_main_url_with_time_stamp2020-06-16 11:39:50.659821.json
https://www.hochschulkompass.de/en/degree-programmes/study-in-germany-search/advanced-degree-programme-search/search/1/studtyp/3/pn/147.html?tx_szhrksearch_pi1%5Bresults_at_a_time%5D=100,1,2020-06-16 11:40:04.248990,/home/ubuntu/project_scrape/data/complete_info_main_url_with_time_stamp2020-06-16 11:40:04.248990.json
https://www.hochschulkompass.de/en/degree-programmes/study-in-germany-search/advanced-degree-programme-search/search/1/studtyp/3/pn/148.html?tx_szhrksearch_pi1%5Bresults_at_a_time%5D=100,1,2020-06-16 11:40:12.372088,/home/ubuntu/project_scrape/data/complete_info_main_url_with_time_stamp2020-06-16 11:40:12.372088.json
https://www.hochschulkompass.de/en/degree-programmes/study-in-germany-search/advanced-degree-programme-search/search/1/studtyp/3/pn/149.html?tx_szhrksearch_pi1%5Bresults_at_a_time%5D=100,1,2020-06-16 11:40:23.030208,/home/ubuntu/project_scrape/data/complete_info_main_url_with_time_stamp2020-06-16 11:40:23.030208.json
https://www.hochschulkompass.de/en/degree-programmes/study-in-germany-search/advanced-degree-programme-search/search/1/studtyp/3/pn/150.html?tx_szhrksearch_pi1%5Bresults_at_a_time%5D=100,1,2020-06-16 11:40:28.073906,/home/ubuntu/project_scrape/data/complete_info_main_url_with_time_stamp2020-06-16 11:40:28.073906.json
https://www.hochschulkompass.de/en/degree-programmes/study-in-germany-search/advanced-degree-programme-search/search/1/studtyp/3/pn/151.html?tx_szhrksearch_pi1%5Bresults_at_a_time%5D=100,1,2020-06-16 11:40:34.085643,/home/ubuntu/project_scrape/data/complete_info_main_url_with_time_stamp2020-06-16 11:40:34.085643.json
https://www.hochschulkompass.de/en/degree-programmes/study-in-germany-search/advanced-degree-programme-search/search/1/studtyp/3/pn/152.html?tx_szhrksearch_pi1%5Bresults_at_a_time%5D=100,1,2020-06-16 11:40:39.040365,/home/ubuntu/project_scrape/data/complete_info_main_url_with_time_stamp2020-06-16 11:40:39.040365.json
https://www.hochschulkompass.de/en/degree-programmes/study-in-germany-search/advanced-degree-programme-search/search/1/studtyp/3/pn/153.html?tx_szhrksearch_pi1%5Bresults_at_a_time%5D=100,1,2020-06-16 11:40:44.604706,/home/ubuntu/project_scrape/data/complete_info_main_url_with_time_stamp2020-06-16 11:40:44.604706.json
https://www.hochschulkompass.de/en/degree-programmes/study-in-germany-search/advanced-degree-programme-search/search/1/studtyp/3/pn/154.html?tx_szhrksearch_pi1%5Bresults_at_a_time%5D=100,1,2020-06-16 11:40:49.724661,/home/ubuntu/project_scrape/data/complete_info_main_url_with_time_stamp2020-06-16 11:40:49.724661.json
https://www.hochschulkompass.de/en/degree-programmes/study-in-germany-search/advanced-degree-programme-search/search/1/studtyp/3/pn/155.html?tx_szhrksearch_pi1%5Bresults_at_a_time%5D=100,1,2020-06-16 11:40:54.411553,/home/ubuntu/project_scrape/data/complete_info_main_url_with_time_stamp2020-06-16 11:40:54.411553.json
https://www.hochschulkompass.de/en/degree-programmes/study-in-germany-search/advanced-degree-programme-search/search/1/studtyp/3/pn/156.html?tx_szhrksearch_pi1%5Bresults_at_a_time%5D=100,1,2020-06-16 11:40:59.398637,/home/ubuntu/project_scrape/data/complete_info_main_url_with_time_stamp2020-06-16 11:40:59.398637.json
https://www.hochschulkompass.de/en/degree-programmes/study-in-germany-search/advanced-degree-programme-search/search/1/studtyp/3/pn/157.html?tx_szhrksearch_pi1%5Bresults_at_a_time%5D=100,1,2020-06-16 11:41:05.024864,/home/ubuntu/project_scrape/data/complete_info_main_url_with_time_stamp2020-06-16 11:41:05.024864.json
https://www.hochschulkompass.de/en/degree-programmes/study-in-germany-search/advanced-degree-programme-search/search/1/studtyp/3/pn/158.html?tx_szhrksearch_pi1%5Bresults_at_a_time%5D=100,1,2020-06-16 11:41:10.364007,/home/ubuntu/project_scrape/data/complete_info_main_url_with_time_stamp2020-06-16 11:41:10.364007.json
https://www.hochschulkompass.de/en/degree-programmes/study-in-germany-search/advanced-degree-programme-search/search/1/studtyp/3/pn/159.html?tx_szhrksearch_pi1%5Bresults_at_a_time%5D=100,1,2020-06-16 11:41:16.645299,/home/ubuntu/project_scrape/data/complete_info_main_url_with_time_stamp2020-06-16 11:41:16.645299.json
https://www.hochschulkompass.de/en/degree-programmes/study-in-germany-search/advanced-degree-programme-search/search/1/studtyp/3/pn/160.html?tx_szhrksearch_pi1%5Bresults_at_a_time%5D=100,1,2020-06-16 11:41:23.391128,/home/ubuntu/project_scrape/data/complete_info_main_url_with_time_stamp2020-06-16 11:41:23.391128.json
https://www.hochschulkompass.de/en/degree-programmes/study-in-germany-search/advanced-degree-programme-search/search/1/studtyp/3/pn/161.html?tx_szhrksearch_pi1%5Bresults_at_a_time%5D=100,1,2020-06-16 11:41:28.778269,/home/ubuntu/project_scrape/data/complete_info_main_url_with_time_stamp2020-06-16 11:41:28.778269.json
https://www.hochschulkompass.de/en/degree-programmes/study-in-germany-search/advanced-degree-programme-search/search/1/studtyp/3/pn/162.html?tx_szhrksearch_pi1%5Bresults_at_a_time%5D=100,1,2020-06-16 11:41:35.097993,/home/ubuntu/project_scrape/data/complete_info_main_url_with_time_stamp2020-06-16 11:41:35.097993.json
https://www.hochschulkompass.de/en/degree-programmes/study-in-germany-search/advanced-degree-programme-search/search/1/studtyp/3/pn/163.html?tx_szhrksearch_pi1%5Bresults_at_a_time%5D=100,1,2020-06-16 11:41:39.849286,/home/ubuntu/project_scrape/data/complete_info_main_url_with_time_stamp2020-06-16 11:41:39.849286.json
https://www.hochschulkompass.de/en/degree-programmes/study-in-germany-search/advanced-degree-programme-search/search/1/studtyp/3/pn/164.html?tx_szhrksearch_pi1%5Bresults_at_a_time%5D=100,1,2020-06-16 11:41:48.000160,/home/ubuntu/project_scrape/data/complete_info_main_url_with_time_stamp2020-06-16 11:41:48.000160.json
https://www.hochschulkompass.de/en/degree-programmes/study-in-germany-search/advanced-degree-programme-search/search/1/studtyp/3/pn/165.html?tx_szhrksearch_pi1%5Bresults_at_a_time%5D=100,1,2020-06-16 11:41:58.534812,/home/ubuntu/project_scrape/data/complete_info_main_url_with_time_stamp2020-06-16 11:41:58.534812.json
https://www.hochschulkompass.de/en/degree-programmes/study-in-germany-search/advanced-degree-programme-search/search/1/studtyp/3/pn/166.html?tx_szhrksearch_pi1%5Bresults_at_a_time%5D=100,1,2020-06-16 11:42:05.795936,/home/ubuntu/project_scrape/data/complete_info_main_url_with_time_stamp2020-06-16 11:42:05.795936.json
https://www.hochschulkompass.de/en/degree-programmes/study-in-germany-search/advanced-degree-programme-search/search/1/studtyp/3/pn/167.html?tx_szhrksearch_pi1%5Bresults_at_a_time%5D=100,1,2020-06-16 11:42:12.642652,/home/ubuntu/project_scrape/data/complete_info_main_url_with_time_stamp2020-06-16 11:42:12.642652.json
https://www.hochschulkompass.de/en/degree-programmes/study-in-germany-search/advanced-degree-programme-search/search/1/studtyp/3/pn/168.html?tx_szhrksearch_pi1%5Bresults_at_a_time%5D=100,1,2020-06-16 11:42:19.188282,/home/ubuntu/project_scrape/data/complete_info_main_url_with_time_stamp2020-06-16 11:42:19.188282.json
https://www.hochschulkompass.de/en/degree-programmes/study-in-germany-search/advanced-degree-programme-search/search/1/studtyp/3/pn/169.html?tx_szhrksearch_pi1%5Bresults_at_a_time%5D=100,1,2020-06-16 11:42:24.810575,/home/ubuntu/project_scrape/data/complete_info_main_url_with_time_stamp2020-06-16 11:42:24.810575.json
https://www.hochschulkompass.de/en/degree-programmes/study-in-germany-search/advanced-degree-programme-search/search/1/studtyp/3/pn/170.html?tx_szhrksearch_pi1%5Bresults_at_a_time%5D=100,1,2020-06-16 11:42:30.188287,/home/ubuntu/project_scrape/data/complete_info_main_url_with_time_stamp2020-06-16 11:42:30.188287.json
https://www.hochschulkompass.de/en/degree-programmes/study-in-germany-search/advanced-degree-programme-search/search/1/studtyp/3/pn/171.html?tx_szhrksearch_pi1%5Bresults_at_a_time%5D=100,1,2020-06-16 11:42:38.150670,/home/ubuntu/project_scrape/data/complete_info_main_url_with_time_stamp2020-06-16 11:42:38.150670.json
https://www.hochschulkompass.de/en/degree-programmes/study-in-germany-search/advanced-degree-programme-search/search/1/studtyp/3/pn/172.html?tx_szhrksearch_pi1%5Bresults_at_a_time%5D=100,1,2020-06-16 11:42:46.569075,/home/ubuntu/project_scrape/data/complete_info_main_url_with_time_stamp2020-06-16 11:42:46.569075.json
https://www.hochschulkompass.de/en/degree-programmes/study-in-germany-search/advanced-degree-programme-search/search/1/studtyp/3/pn/173.html?tx_szhrksearch_pi1%5Bresults_at_a_time%5D=100,1,2020-06-16 11:42:54.863014,/home/ubuntu/project_scrape/data/complete_info_main_url_with_time_stamp2020-06-16 11:42:54.863014.json
https://www.hochschulkompass.de/en/degree-programmes/study-in-germany-search/advanced-degree-programme-search/search/1/studtyp/3/pn/174.html?tx_szhrksearch_pi1%5Bresults_at_a_time%5D=100,1,2020-06-16 11:43:04.127364,/home/ubuntu/project_scrape/data/complete_info_main_url_with_time_stamp2020-06-16 11:43:04.127364.json
https://www.hochschulkompass.de/en/degree-programmes/study-in-germany-search/advanced-degree-programme-search/search/1/studtyp/3/pn/175.html?tx_szhrksearch_pi1%5Bresults_at_a_time%5D=100,1,2020-06-16 11:43:10.549316,/home/ubuntu/project_scrape/data/complete_info_main_url_with_time_stamp2020-06-16 11:43:10.549316.json
https://www.hochschulkompass.de/en/degree-programmes/study-in-germany-search/advanced-degree-programme-search/search/1/studtyp/3/pn/176.html?tx_szhrksearch_pi1%5Bresults_at_a_time%5D=100,1,2020-06-16 11:43:17.498994,/home/ubuntu/project_scrape/data/complete_info_main_url_with_time_stamp2020-06-16 11:43:17.498994.json
https://www.hochschulkompass.de/en/degree-programmes/study-in-germany-search/advanced-degree-programme-search/search/1/studtyp/3/pn/177.html?tx_szhrksearch_pi1%5Bresults_at_a_time%5D=100,1,2020-06-16 11:43:22.539639,/home/ubuntu/project_scrape/data/complete_info_main_url_with_time_stamp2020-06-16 11:43:22.539639.json
https://www.hochschulkompass.de/en/degree-programmes/study-in-germany-search/advanced-degree-programme-search/search/1/studtyp/3/pn/178.html?tx_szhrksearch_pi1%5Bresults_at_a_time%5D=100,1,2020-06-16 11:43:27.762689,/home/ubuntu/project_scrape/data/complete_info_main_url_with_time_stamp2020-06-16 11:43:27.762689.json
https://www.hochschulkompass.de/en/degree-programmes/study-in-germany-search/advanced-degree-programme-search/search/1/studtyp/3/pn/179.html?tx_szhrksearch_pi1%5Bresults_at_a_time%5D=100,1,2020-06-16 11:43:32.568427,/home/ubuntu/project_scrape/data/complete_info_main_url_with_time_stamp2020-06-16 11:43:32.568427.json
https://www.hochschulkompass.de/en/degree-programmes/study-in-germany-search/advanced-degree-programme-search/search/1/studtyp/3/pn/180.html?tx_szhrksearch_pi1%5Bresults_at_a_time%5D=100,1,2020-06-16 11:43:39.270753,/home/ubuntu/project_scrape/data/complete_info_main_url_with_time_stamp2020-06-16 11:43:39.270753.json
https://www.hochschulkompass.de/en/degree-programmes/study-in-germany-search/advanced-degree-programme-search/search/1/studtyp/3/pn/181.html?tx_szhrksearch_pi1%5Bresults_at_a_time%5D=100,1,2020-06-16 11:43:45.223570,/home/ubuntu/project_scrape/data/complete_info_main_url_with_time_stamp2020-06-16 11:43:45.223570.json
https://www.hochschulkompass.de/en/degree-programmes/study-in-germany-search/advanced-degree-programme-search/search/1/studtyp/3/pn/182.html?tx_szhrksearch_pi1%5Bresults_at_a_time%5D=100,1,2020-06-16 11:43:50.845444,/home/ubuntu/project_scrape/data/complete_info_main_url_with_time_stamp2020-06-16 11:43:50.845444.json
https://www.hochschulkompass.de/en/degree-programmes/study-in-germany-search/advanced-degree-programme-search/search/1/studtyp/3/pn/183.html?tx_szhrksearch_pi1%5Bresults_at_a_time%5D=100,1,2020-06-16 11:43:57.464885,/home/ubuntu/project_scrape/data/complete_info_main_url_with_time_stamp2020-06-16 11:43:57.464885.json
https://www.hochschulkompass.de/en/degree-programmes/study-in-germany-search/advanced-degree-programme-search/search/1/studtyp/3/pn/184.html?tx_szhrksearch_pi1%5Bresults_at_a_time%5D=100,1,2020-06-16 11:44:02.259162,/home/ubuntu/project_scrape/data/complete_info_main_url_with_time_stamp2020-06-16 11:44:02.259162.json
https://www.hochschulkompass.de/en/degree-programmes/study-in-germany-search/advanced-degree-programme-search/search/1/studtyp/3/pn/185.html?tx_szhrksearch_pi1%5Bresults_at_a_time%5D=100,1,2020-06-16 11:44:07.183707,/home/ubuntu/project_scrape/data/complete_info_main_url_with_time_stamp2020-06-16 11:44:07.183707.json
https://www.hochschulkompass.de/en/degree-programmes/study-in-germany-search/advanced-degree-programme-search/search/1/studtyp/3/pn/186.html?tx_szhrksearch_pi1%5Bresults_at_a_time%5D=100,1,2020-06-16 11:44:15.595221,/home/ubuntu/project_scrape/data/complete_info_main_url_with_time_stamp2020-06-16 11:44:15.595221.json
https://www.hochschulkompass.de/en/degree-programmes/study-in-germany-search/advanced-degree-programme-search/search/1/studtyp/3/pn/187.html?tx_szhrksearch_pi1%5Bresults_at_a_time%5D=100,1,2020-06-16 11:44:20.378787,/home/ubuntu/project_scrape/data/complete_info_main_url_with_time_stamp2020-06-16 11:44:20.378787.json
https://www.hochschulkompass.de/en/degree-programmes/study-in-germany-search/advanced-degree-programme-search/search/1/studtyp/3/pn/188.html?tx_szhrksearch_pi1%5Bresults_at_a_time%5D=100,1,2020-06-16 11:44:25.668754,/home/ubuntu/project_scrape/data/complete_info_main_url_with_time_stamp2020-06-16 11:44:25.668754.json
https://www.hochschulkompass.de/en/degree-programmes/study-in-germany-search/advanced-degree-programme-search/search/1/studtyp/3/pn/189.html?tx_szhrksearch_pi1%5Bresults_at_a_time%5D=100,1,2020-06-16 11:44:34.243697,/home/ubuntu/project_scrape/data/complete_info_main_url_with_time_stamp2020-06-16 11:44:34.243697.json
https://www.hochschulkompass.de/en/degree-programmes/study-in-germany-search/advanced-degree-programme-search/search/1/studtyp/3/pn/190.html?tx_szhrksearch_pi1%5Bresults_at_a_time%5D=100,1,2020-06-16 11:44:42.293247,/home/ubuntu/project_scrape/data/complete_info_main_url_with_time_stamp2020-06-16 11:44:42.293247.json
https://www.hochschulkompass.de/en/degree-programmes/study-in-germany-search/advanced-degree-programme-search/search/1/studtyp/3/pn/191.html?tx_szhrksearch_pi1%5Bresults_at_a_time%5D=100,1,2020-06-16 11:44:50.090538,/home/ubuntu/project_scrape/data/complete_info_main_url_with_time_stamp2020-06-16 11:44:50.090538.json
https://www.hochschulkompass.de/en/degree-programmes/study-in-germany-search/advanced-degree-programme-search/search/1/studtyp/3/pn/192.html?tx_szhrksearch_pi1%5Bresults_at_a_time%5D=100,1,2020-06-16 11:44:54.806554,/home/ubuntu/project_scrape/data/complete_info_main_url_with_time_stamp2020-06-16 11:44:54.806554.json
https://www.hochschulkompass.de/en/degree-programmes/study-in-germany-search/advanced-degree-programme-search/search/1/studtyp/3/pn/193.html?tx_szhrksearch_pi1%5Bresults_at_a_time%5D=100,1,2020-06-16 11:45:00.147967,/home/ubuntu/project_scrape/data/complete_info_main_url_with_time_stamp2020-06-16 11:45:00.147967.json
https://www.hochschulkompass.de/en/degree-programmes/study-in-germany-search/advanced-degree-programme-search/search/1/studtyp/3/pn/194.html?tx_szhrksearch_pi1%5Bresults_at_a_time%5D=100,1,2020-06-16 11:45:07.436702,/home/ubuntu/project_scrape/data/complete_info_main_url_with_time_stamp2020-06-16 11:45:07.436702.json
https://www.hochschulkompass.de/en/degree-programmes/study-in-germany-search/advanced-degree-programme-search/search/1/studtyp/3/pn/195.html?tx_szhrksearch_pi1%5Bresults_at_a_time%5D=100,1,2020-06-16 11:45:13.636439,/home/ubuntu/project_scrape/data/complete_info_main_url_with_time_stamp2020-06-16 11:45:13.636439.json
https://www.hochschulkompass.de/en/degree-programmes/study-in-germany-search/advanced-degree-programme-search/search/1/studtyp/3/pn/196.html?tx_szhrksearch_pi1%5Bresults_at_a_time%5D=100,1,2020-06-16 11:45:21.139001,/home/ubuntu/project_scrape/data/complete_info_main_url_with_time_stamp2020-06-16 11:45:21.139001.json
https://www.hochschulkompass.de/en/degree-programmes/study-in-germany-search/advanced-degree-programme-search/search/1/studtyp/3/pn/197.html?tx_szhrksearch_pi1%5Bresults_at_a_time%5D=100,1,2020-06-16 11:45:28.797696,/home/ubuntu/project_scrape/data/complete_info_main_url_with_time_stamp2020-06-16 11:45:28.797696.json
https://www.hochschulkompass.de/en/degree-programmes/study-in-germany-search/advanced-degree-programme-search/search/1/studtyp/3/pn/198.html?tx_szhrksearch_pi1%5Bresults_at_a_time%5D=100,1,2020-06-16 11:45:35.938576,/home/ubuntu/project_scrape/data/complete_info_main_url_with_time_stamp2020-06-16 11:45:35.938576.json
